<?xml version="1.0"?>
<doc>
    <assembly>
        <name>MahApps.Metro.IconPacks.MaterialLight</name>
    </assembly>
    <members>
        <member name="T:MahApps.Metro.IconPacks.PackIconMaterialLight">
            <summary>
            All icons sourced from Material Design Light Icons <see><cref>https://github.com/Templarian/MaterialDesignLight</cref></see>
            In accordance of <see><cref>https://github.com/Templarian/MaterialDesignLight/blob/master/LICENSE.md</cref></see>.
            </summary>
        </member>
        <member name="P:MahApps.Metro.IconPacks.PackIconMaterialLight.Kind">
            <summary>
            Gets or sets the icon to display.
            </summary>
        </member>
        <member name="P:MahApps.Metro.IconPacks.MaterialLightCursorExtension.HotSpot">
            <inheritdoc/>
        </member>
        <member name="P:MahApps.Metro.IconPacks.MaterialLightCursorExtension.Width">
            <inheritdoc/>
        </member>
        <member name="P:MahApps.Metro.IconPacks.MaterialLightCursorExtension.Height">
            <inheritdoc/>
        </member>
        <member name="P:MahApps.Metro.IconPacks.MaterialLightCursorExtension.StrokeBrush">
            <inheritdoc/>
        </member>
        <member name="P:MahApps.Metro.IconPacks.MaterialLightCursorExtension.StrokeThickness">
            <inheritdoc/>
        </member>
        <member name="M:MahApps.Metro.IconPacks.MaterialLightImageExtension.GetPathData(System.Object)">
            <inheritdoc />
        </member>
        <member name="T:MahApps.Metro.IconPacks.PackIconMaterialLightKind">
            ******************************************
            This code is auto generated. Do not amend.
            ******************************************
            <summary>
            List of available icons for use with <see cref="T:MahApps.Metro.IconPacks.PackIconMaterialLight" />.
            </summary>
            <remarks>
            All icons sourced from Material Design Light Icons <see><cref>https://github.com/Templarian/MaterialDesignLight</cref></see>
            In accordance of <see><cref>https://github.com/Templarian/MaterialDesignLight/blob/master/LICENSE.md</cref></see>.
            </remarks>
        </member>
        <member name="M:MahApps.Metro.IconPacks.Converter.PackIconMaterialLightKindToImageConverter.GetPathData(System.Object)">
            <inheritdoc />
        </member>
    </members>
</doc>
