<?xml version="1.0"?>
<doc>
    <assembly>
        <name>MahApps.Metro.IconPacks.RPGAwesome</name>
    </assembly>
    <members>
        <member name="T:MahApps.Metro.IconPacks.PackIconRPGAwesome">
            <summary>
            The RPG Awesome font is licensed under the [SIL OFL 1.1](<see><cref>http://scripts.sil.org/OFL</cref></see>)
            Contributions, corrections and requests can be made on GitHub <see><cref>https://github.com/nagoshiashumari/Rpg-Awesome</cref></see>.
            </summary>
        </member>
        <member name="P:MahApps.Metro.IconPacks.PackIconRPGAwesome.Kind">
            <summary>
            Gets or sets the icon to display.
            </summary>
        </member>
        <member name="P:MahApps.Metro.IconPacks.RPGAwesomeCursorExtension.HotSpot">
            <inheritdoc/>
        </member>
        <member name="P:MahApps.Metro.IconPacks.RPGAwesomeCursorExtension.Width">
            <inheritdoc/>
        </member>
        <member name="P:MahApps.Metro.IconPacks.RPGAwesomeCursorExtension.Height">
            <inheritdoc/>
        </member>
        <member name="P:MahApps.Metro.IconPacks.RPGAwesomeCursorExtension.StrokeBrush">
            <inheritdoc/>
        </member>
        <member name="P:MahApps.Metro.IconPacks.RPGAwesomeCursorExtension.StrokeThickness">
            <inheritdoc/>
        </member>
        <member name="M:MahApps.Metro.IconPacks.RPGAwesomeImageExtension.GetPathData(System.Object)">
            <inheritdoc />
        </member>
        <member name="M:MahApps.Metro.IconPacks.RPGAwesomeImageExtension.GetScaleTransform(System.Object)">
            <inheritdoc />
        </member>
        <member name="T:MahApps.Metro.IconPacks.PackIconRPGAwesomeKind">
            ******************************************
            This code is auto generated. Do not amend.
            ******************************************
            <summary>
            List of available icons for use with <see cref="T:MahApps.Metro.IconPacks.PackIconRPGAwesome" />.
            </summary>
            <remarks>
            The RPG Awesome font is licensed under the [SIL OFL 1.1](<see><cref>http://scripts.sil.org/OFL</cref></see>)
            Contributions, corrections and requests can be made on GitHub <see><cref>https://github.com/nagoshiashumari/Rpg-Awesome</cref></see>.
            </remarks>
        </member>
        <member name="M:MahApps.Metro.IconPacks.Converter.PackIconRPGAwesomeKindToImageConverter.GetPathData(System.Object)">
            <inheritdoc />
        </member>
        <member name="M:MahApps.Metro.IconPacks.Converter.PackIconRPGAwesomeKindToImageConverter.GetScaleTransform(System.Object)">
            <inheritdoc />
        </member>
    </members>
</doc>
