<?xml version="1.0"?>
<doc>
    <assembly>
        <name>MahApps.Metro.IconPacks.CircumIcons</name>
    </assembly>
    <members>
        <member name="T:MahApps.Metro.IconPacks.PackIconCircumIcons">
            <summary>
            All icons sourced from GitHub Circum Icons <see><cref>https://github.com/Klarr-Agency/Circum-Icons</cref></see>
            In accordance of <see><cref>https://github.com/Klarr-Agency/Circum-Icons?tab=MPL-2.0-1-ov-file</cref></see>.
            </summary>
        </member>
        <member name="P:MahApps.Metro.IconPacks.PackIconCircumIcons.Kind">
            <summary>
            Gets or sets the icon to display.
            </summary>
        </member>
        <member name="P:MahApps.Metro.IconPacks.CircumIconsCursorExtension.HotSpot">
            <inheritdoc/>
        </member>
        <member name="P:MahApps.Metro.IconPacks.CircumIconsCursorExtension.Width">
            <inheritdoc/>
        </member>
        <member name="P:MahApps.Metro.IconPacks.CircumIconsCursorExtension.Height">
            <inheritdoc/>
        </member>
        <member name="P:MahApps.Metro.IconPacks.CircumIconsCursorExtension.StrokeBrush">
            <inheritdoc/>
        </member>
        <member name="P:MahApps.Metro.IconPacks.CircumIconsCursorExtension.StrokeThickness">
            <inheritdoc/>
        </member>
        <member name="M:MahApps.Metro.IconPacks.CircumIconsImageExtension.GetPathData(System.Object)">
            <inheritdoc />
        </member>
        <member name="T:MahApps.Metro.IconPacks.PackIconCircumIconsKind">
            ******************************************
            This code is auto generated. Do not amend.
            ******************************************
            <summary>
            List of available icons for use with <see cref="T:MahApps.Metro.IconPacks.PackIconCircumIcons" />.
            </summary>
            <remarks>
            All icons sourced from GitHub Circum Icons <see><cref>https://github.com/Klarr-Agency/Circum-Icons</cref></see>
            In accordance of <see><cref>https://github.com/Klarr-Agency/Circum-Icons?tab=MPL-2.0-1-ov-file</cref></see>.
            </remarks>
        </member>
        <member name="M:MahApps.Metro.IconPacks.Converter.PackIconCircumIconsKindToImageConverter.GetPathData(System.Object)">
            <inheritdoc />
        </member>
    </members>
</doc>
