<?xml version="1.0"?>
<doc>
    <assembly>
        <name>MahApps.Metro.IconPacks.BootstrapIcons</name>
    </assembly>
    <members>
        <member name="T:MahApps.Metro.IconPacks.PackIconBootstrapIcons">
            <summary>
            Bootstrap Icons are licensed under the [MIT license](<see><cref>https://github.com/twbs/icons?tab=MIT-1-ov-file#readme</cref></see>).
            Contributions, corrections and requests can be made on GitHub <see><cref>https://github.com/twbs/icons</cref></see>.
            </summary>
        </member>
        <member name="P:MahApps.Metro.IconPacks.PackIconBootstrapIcons.Kind">
            <summary>
            Gets or sets the icon to display.
            </summary>
        </member>
        <member name="P:MahApps.Metro.IconPacks.BootstrapIconsCursorExtension.HotSpot">
            <inheritdoc/>
        </member>
        <member name="P:MahApps.Metro.IconPacks.BootstrapIconsCursorExtension.Width">
            <inheritdoc/>
        </member>
        <member name="P:MahApps.Metro.IconPacks.BootstrapIconsCursorExtension.Height">
            <inheritdoc/>
        </member>
        <member name="P:MahApps.Metro.IconPacks.BootstrapIconsCursorExtension.StrokeBrush">
            <inheritdoc/>
        </member>
        <member name="P:MahApps.Metro.IconPacks.BootstrapIconsCursorExtension.StrokeThickness">
            <inheritdoc/>
        </member>
        <member name="M:MahApps.Metro.IconPacks.BootstrapIconsImageExtension.GetPathData(System.Object)">
            <inheritdoc />
        </member>
        <member name="M:MahApps.Metro.IconPacks.BootstrapIconsImageExtension.GetScaleTransform(System.Object)">
            <inheritdoc />
        </member>
        <member name="T:MahApps.Metro.IconPacks.PackIconBootstrapIconsKind">
            ******************************************
            This code is auto generated. Do not amend.
            ******************************************
            <summary>
            List of available icons for use with <see cref="T:MahApps.Metro.IconPacks.PackIconBootstrapIcons" />.
            </summary>
            <remarks>
            Bootstrap Icons are licensed under the [MIT license](<see><cref>https://github.com/twbs/icons?tab=MIT-1-ov-file#readme</cref></see>).
            Contributions, corrections and requests can be made on GitHub <see><cref>https://github.com/twbs/icons</cref></see>.
            </remarks>
        </member>
        <member name="M:MahApps.Metro.IconPacks.Converter.PackIconBootstrapIconsKindToImageConverter.GetPathData(System.Object)">
            <inheritdoc />
        </member>
        <member name="M:MahApps.Metro.IconPacks.Converter.PackIconBootstrapIconsKindToImageConverter.GetScaleTransform(System.Object)">
            <inheritdoc />
        </member>
    </members>
</doc>
