<?xml version="1.0"?>
<doc>
    <assembly>
        <name>MahApps.Metro.IconPacks.SimpleIcons</name>
    </assembly>
    <members>
        <member name="T:MahApps.Metro.IconPacks.PackIconSimpleIcons">
            <summary>
            Simple Icons licensed under <see><cref>https://github.com/simple-icons/simple-icons?tab=CC0-1.0-1-ov-file#readme</cref></see>. Please read the legal disclaimer <see><cref>https://github.com/simple-icons/simple-icons/blob/master/DISCLAIMER.md</cref></see>.
            Contributions, corrections and requests can be made on GitHub <see><cref>https://github.com/simple-icons/simple-icons</cref></see>.
            </summary>
        </member>
        <member name="P:MahApps.Metro.IconPacks.PackIconSimpleIcons.Kind">
            <summary>
            Gets or sets the icon to display.
            </summary>
        </member>
        <member name="P:MahApps.Metro.IconPacks.SimpleIconsCursorExtension.HotSpot">
            <inheritdoc/>
        </member>
        <member name="P:MahApps.Metro.IconPacks.SimpleIconsCursorExtension.Width">
            <inheritdoc/>
        </member>
        <member name="P:MahApps.Metro.IconPacks.SimpleIconsCursorExtension.Height">
            <inheritdoc/>
        </member>
        <member name="P:MahApps.Metro.IconPacks.SimpleIconsCursorExtension.StrokeBrush">
            <inheritdoc/>
        </member>
        <member name="P:MahApps.Metro.IconPacks.SimpleIconsCursorExtension.StrokeThickness">
            <inheritdoc/>
        </member>
        <member name="M:MahApps.Metro.IconPacks.SimpleIconsImageExtension.GetPathData(System.Object)">
            <inheritdoc />
        </member>
        <member name="T:MahApps.Metro.IconPacks.PackIconSimpleIconsKind">
            ******************************************
            This code is auto generated. Do not amend.
            ******************************************
            <summary>
            List of available icons for use with <see cref="T:MahApps.Metro.IconPacks.PackIconSimpleIcons" />.
            </summary>
            <remarks>
            Simple Icons licensed under <see><cref>https://github.com/simple-icons/simple-icons?tab=CC0-1.0-1-ov-file#readme</cref></see>. Please read the legal disclaimer <see><cref>https://github.com/simple-icons/simple-icons/blob/master/DISCLAIMER.md</cref></see>.
            Contributions, corrections and requests can be made on GitHub <see><cref>https://github.com/simple-icons/simple-icons</cref></see>.
            </remarks>
        </member>
        <member name="M:MahApps.Metro.IconPacks.Converter.PackIconSimpleIconsKindToImageConverter.GetPathData(System.Object)">
            <inheritdoc />
        </member>
    </members>
</doc>
