<?xml version="1.0"?>
<doc>
    <assembly>
        <name>MahApps.Metro.IconPacks.RemixIcon</name>
    </assembly>
    <members>
        <member name="T:MahApps.Metro.IconPacks.PackIconRemixIcon">
            <summary>
            RemixIcon released under the [Apache License Version 2.0](<see><cref>https://github.com/Remix-Design/RemixIcon?tab=Apache-2.0-1-ov-file#readme</cref></see>)
            Contributions, corrections and requests can be made on GitHub <see><cref>https://github.com/Remix-Design/RemixIcon</cref></see>.
            </summary>
        </member>
        <member name="P:MahApps.Metro.IconPacks.PackIconRemixIcon.Kind">
            <summary>
            Gets or sets the icon to display.
            </summary>
        </member>
        <member name="P:MahApps.Metro.IconPacks.RemixIconCursorExtension.HotSpot">
            <inheritdoc/>
        </member>
        <member name="P:MahApps.Metro.IconPacks.RemixIconCursorExtension.Width">
            <inheritdoc/>
        </member>
        <member name="P:MahApps.Metro.IconPacks.RemixIconCursorExtension.Height">
            <inheritdoc/>
        </member>
        <member name="P:MahApps.Metro.IconPacks.RemixIconCursorExtension.StrokeBrush">
            <inheritdoc/>
        </member>
        <member name="P:MahApps.Metro.IconPacks.RemixIconCursorExtension.StrokeThickness">
            <inheritdoc/>
        </member>
        <member name="M:MahApps.Metro.IconPacks.RemixIconImageExtension.GetPathData(System.Object)">
            <inheritdoc />
        </member>
        <member name="T:MahApps.Metro.IconPacks.PackIconRemixIconKind">
            ******************************************
            This code is auto generated. Do not amend.
            ******************************************
            <summary>
            List of available icons for use with <see cref="T:MahApps.Metro.IconPacks.PackIconRemixIcon" />.
            </summary>
            <remarks>
            RemixIcon released under the [Apache License Version 2.0](<see><cref>https://github.com/Remix-Design/RemixIcon?tab=Apache-2.0-1-ov-file#readme</cref></see>)
            Contributions, corrections and requests can be made on GitHub <see><cref>https://github.com/Remix-Design/RemixIcon</cref></see>.
            </remarks>
        </member>
        <member name="M:MahApps.Metro.IconPacks.Converter.PackIconRemixIconKindToImageConverter.GetPathData(System.Object)">
            <inheritdoc />
        </member>
    </members>
</doc>
