<?xml version="1.0"?>
<doc>
    <assembly>
        <name>MahApps.Metro.IconPacks.Fontaudio</name>
    </assembly>
    <members>
        <member name="T:MahApps.Metro.IconPacks.PackIconFontaudio">
            <summary>
            Fontaudio by @fefanto <see><cref>https://github.com/fefanto</cref></see>. License: Icons: CC BY 4.0, Fonts: SIL OFL 1.1, Code: MIT License. <see><cref>https://github.com/fefanto/fontaudio#license</cref></see>
            Contributions, corrections and requests can be made on GitHub <see><cref>https://github.com/fefanto/fontaudio</cref></see>.
            </summary>
        </member>
        <member name="P:MahApps.Metro.IconPacks.PackIconFontaudio.Kind">
            <summary>
            Gets or sets the icon to display.
            </summary>
        </member>
        <member name="P:MahApps.Metro.IconPacks.FontaudioCursorExtension.HotSpot">
            <inheritdoc/>
        </member>
        <member name="P:MahApps.Metro.IconPacks.FontaudioCursorExtension.Width">
            <inheritdoc/>
        </member>
        <member name="P:MahApps.Metro.IconPacks.FontaudioCursorExtension.Height">
            <inheritdoc/>
        </member>
        <member name="P:MahApps.Metro.IconPacks.FontaudioCursorExtension.StrokeBrush">
            <inheritdoc/>
        </member>
        <member name="P:MahApps.Metro.IconPacks.FontaudioCursorExtension.StrokeThickness">
            <inheritdoc/>
        </member>
        <member name="M:MahApps.Metro.IconPacks.FontaudioImageExtension.GetPathData(System.Object)">
            <inheritdoc />
        </member>
        <member name="M:MahApps.Metro.IconPacks.FontaudioImageExtension.GetScaleTransform(System.Object)">
            <inheritdoc />
        </member>
        <member name="T:MahApps.Metro.IconPacks.PackIconFontaudioKind">
            ******************************************
            This code is auto generated. Do not amend.
            ******************************************
            <summary>
            List of available icons for use with <see cref="T:MahApps.Metro.IconPacks.PackIconFontaudio" />.
            </summary>
            <remarks>
            Fontaudio by @fefanto <see><cref>https://github.com/fefanto</cref></see>. License: Icons: CC BY 4.0, Fonts: SIL OFL 1.1, Code: MIT License. <see><cref>https://github.com/fefanto/fontaudio#license</cref></see>
            Contributions, corrections and requests can be made on GitHub <see><cref>https://github.com/fefanto/fontaudio</cref></see>.
            </remarks>
        </member>
        <member name="M:MahApps.Metro.IconPacks.Converter.PackIconFontaudioKindToImageConverter.GetPathData(System.Object)">
            <inheritdoc />
        </member>
        <member name="M:MahApps.Metro.IconPacks.Converter.PackIconFontaudioKindToImageConverter.GetScaleTransform(System.Object)">
            <inheritdoc />
        </member>
    </members>
</doc>
