<?xml version="1.0"?>
<doc>
    <assembly>
        <name>MahApps.Metro.IconPacks.Microns</name>
    </assembly>
    <members>
        <member name="T:MahApps.Metro.IconPacks.PackIconMicrons">
            <summary>
            Microns font files are available under the SIL Open Font Licence, artwork available under the CC BY-SA Licence <see><cref>https://github.com/stephenhutchings/microns?tab=License-1-ov-file#readme</cref></see>.
            Contributions, corrections and requests can be made on GitHub <see><cref>https://github.com/stephenhutchings/microns</cref></see>.
            </summary>
        </member>
        <member name="P:MahApps.Metro.IconPacks.PackIconMicrons.Kind">
            <summary>
            Gets or sets the icon to display.
            </summary>
        </member>
        <member name="P:MahApps.Metro.IconPacks.MicronsCursorExtension.HotSpot">
            <inheritdoc/>
        </member>
        <member name="P:MahApps.Metro.IconPacks.MicronsCursorExtension.Width">
            <inheritdoc/>
        </member>
        <member name="P:MahApps.Metro.IconPacks.MicronsCursorExtension.Height">
            <inheritdoc/>
        </member>
        <member name="P:MahApps.Metro.IconPacks.MicronsCursorExtension.StrokeBrush">
            <inheritdoc/>
        </member>
        <member name="P:MahApps.Metro.IconPacks.MicronsCursorExtension.StrokeThickness">
            <inheritdoc/>
        </member>
        <member name="M:MahApps.Metro.IconPacks.MicronsImageExtension.GetPathData(System.Object)">
            <inheritdoc />
        </member>
        <member name="T:MahApps.Metro.IconPacks.PackIconMicronsKind">
            ******************************************
            This code is auto generated. Do not amend.
            ******************************************
            <summary>
            List of available icons for use with <see cref="T:MahApps.Metro.IconPacks.PackIconMicrons" />.
            </summary>
            <remarks>
            Microns font files are available under the SIL Open Font Licence, artwork available under the CC BY-SA Licence <see><cref>https://github.com/stephenhutchings/microns?tab=License-1-ov-file#readme</cref></see>.
            Contributions, corrections and requests can be made on GitHub <see><cref>https://github.com/stephenhutchings/microns</cref></see>.
            </remarks>
        </member>
        <member name="M:MahApps.Metro.IconPacks.Converter.PackIconMicronsKindToImageConverter.GetPathData(System.Object)">
            <inheritdoc />
        </member>
    </members>
</doc>
