<?xml version="1.0"?>
<doc>
    <assembly>
        <name>MahApps.Metro.IconPacks.PhosphorIcons</name>
    </assembly>
    <members>
        <member name="T:MahApps.Metro.IconPacks.PackIconPhosphorIcons">
            <summary>
            All icons sourced from Phosphor Icons - <see><cref>https://phosphoricons.com/</cref></see>
            Phosphor Icons are licensed under the MIT License <see><cref>https://github.com/phosphor-icons/core?tab=MIT-1-ov-file#readme</cref></see>
            </summary>
        </member>
        <member name="P:MahApps.Metro.IconPacks.PackIconPhosphorIcons.Kind">
            <summary>
            Gets or sets the icon to display.
            </summary>
        </member>
        <member name="P:MahApps.Metro.IconPacks.PhosphorIconsCursorExtension.HotSpot">
            <inheritdoc/>
        </member>
        <member name="P:MahApps.Metro.IconPacks.PhosphorIconsCursorExtension.Width">
            <inheritdoc/>
        </member>
        <member name="P:MahApps.Metro.IconPacks.PhosphorIconsCursorExtension.Height">
            <inheritdoc/>
        </member>
        <member name="P:MahApps.Metro.IconPacks.PhosphorIconsCursorExtension.StrokeBrush">
            <inheritdoc/>
        </member>
        <member name="P:MahApps.Metro.IconPacks.PhosphorIconsCursorExtension.StrokeThickness">
            <inheritdoc/>
        </member>
        <member name="M:MahApps.Metro.IconPacks.PhosphorIconsImageExtension.GetPathData(System.Object)">
            <inheritdoc />
        </member>
        <member name="T:MahApps.Metro.IconPacks.PackIconPhosphorIconsKind">
            ******************************************
            This code is auto generated. Do not amend.
            ******************************************
            <summary>
            List of available icons for use with <see cref="T:MahApps.Metro.IconPacks.PackIconPhosphorIcons" />.
            </summary>
            <remarks>
            All icons sourced from Phosphor Icons - <see><cref>https://phosphoricons.com/</cref></see>
            Phosphor Icons are licensed under the MIT License <see><cref>https://github.com/phosphor-icons/core?tab=MIT-1-ov-file#readme</cref></see>
            </remarks>
        </member>
        <member name="M:MahApps.Metro.IconPacks.Converter.PackIconPhosphorIconsKindToImageConverter.GetPathData(System.Object)">
            <inheritdoc />
        </member>
    </members>
</doc>
