<?xml version="1.0"?>
<doc>
    <assembly>
        <name>MahApps.Metro.IconPacks.RadixIcons</name>
    </assembly>
    <members>
        <member name="T:MahApps.Metro.IconPacks.PackIconRadixIcons">
            <summary>
            RadixIcons licensed under the MIT License <see><cref>https://github.com/radix-ui/icons?tab=MIT-1-ov-file#readme</cref></see>
            Contributions, corrections and requests can be made on GitHub <see><cref>https://github.com/radix-ui/icons</cref></see>.
            </summary>
        </member>
        <member name="P:MahApps.Metro.IconPacks.PackIconRadixIcons.Kind">
            <summary>
            Gets or sets the icon to display.
            </summary>
        </member>
        <member name="P:MahApps.Metro.IconPacks.RadixIconsCursorExtension.HotSpot">
            <inheritdoc/>
        </member>
        <member name="P:MahApps.Metro.IconPacks.RadixIconsCursorExtension.Width">
            <inheritdoc/>
        </member>
        <member name="P:MahApps.Metro.IconPacks.RadixIconsCursorExtension.Height">
            <inheritdoc/>
        </member>
        <member name="P:MahApps.Metro.IconPacks.RadixIconsCursorExtension.StrokeBrush">
            <inheritdoc/>
        </member>
        <member name="P:MahApps.Metro.IconPacks.RadixIconsCursorExtension.StrokeThickness">
            <inheritdoc/>
        </member>
        <member name="M:MahApps.Metro.IconPacks.RadixIconsImageExtension.GetPathData(System.Object)">
            <inheritdoc />
        </member>
        <member name="T:MahApps.Metro.IconPacks.PackIconRadixIconsKind">
            ******************************************
            This code is auto generated. Do not amend.
            ******************************************
            <summary>
            List of available icons for use with <see cref="T:MahApps.Metro.IconPacks.PackIconRadixIcons" />.
            </summary>
            <remarks>
            RadixIcons licensed under the MIT License <see><cref>https://github.com/radix-ui/icons?tab=MIT-1-ov-file#readme</cref></see>
            Contributions, corrections and requests can be made on GitHub <see><cref>https://github.com/radix-ui/icons</cref></see>.
            </remarks>
        </member>
        <member name="M:MahApps.Metro.IconPacks.Converter.PackIconRadixIconsKindToImageConverter.GetPathData(System.Object)">
            <inheritdoc />
        </member>
    </members>
</doc>
