<?xml version="1.0"?>
<doc>
    <assembly>
        <name>MahApps.Metro.IconPacks.Lucide</name>
    </assembly>
    <members>
        <member name="T:MahApps.Metro.IconPacks.PackIconLucide">
            <summary>
            Lucide Icons are licensed under [ISC License](<see><cref>https://github.com/lucide-icons/lucide?tab=ISC-1-ov-file#readme</cref></see>).
            Contributions, corrections and requests can be made on GitHub <see><cref>https://github.com/lucide-icons/lucide</cref></see>.
            </summary>
        </member>
        <member name="P:MahApps.Metro.IconPacks.PackIconLucide.Kind">
            <summary>
            Gets or sets the icon to display.
            </summary>
        </member>
        <member name="P:MahApps.Metro.IconPacks.LucideCursorExtension.HotSpot">
            <inheritdoc/>
        </member>
        <member name="P:MahApps.Metro.IconPacks.LucideCursorExtension.Width">
            <inheritdoc/>
        </member>
        <member name="P:MahApps.Metro.IconPacks.LucideCursorExtension.Height">
            <inheritdoc/>
        </member>
        <member name="P:MahApps.Metro.IconPacks.LucideCursorExtension.StrokeBrush">
            <inheritdoc/>
        </member>
        <member name="P:MahApps.Metro.IconPacks.LucideCursorExtension.StrokeThickness">
            <inheritdoc/>
        </member>
        <member name="M:MahApps.Metro.IconPacks.LucideImageExtension.GetPathData(System.Object)">
            <inheritdoc />
        </member>
        <member name="M:MahApps.Metro.IconPacks.LucideImageExtension.GetScaleTransform(System.Object)">
            <inheritdoc />
        </member>
        <member name="T:MahApps.Metro.IconPacks.PackIconLucideKind">
            ******************************************
            This code is auto generated. Do not amend.
            ******************************************
            <summary>
            List of available icons for use with <see cref="T:MahApps.Metro.IconPacks.PackIconLucide" />.
            </summary>
            <remarks>
            Lucide Icons are licensed under [ISC License](<see><cref>https://github.com/lucide-icons/lucide?tab=ISC-1-ov-file#readme</cref></see>).
            Contributions, corrections and requests can be made on GitHub <see><cref>https://github.com/lucide-icons/lucide</cref></see>.
            </remarks>
        </member>
        <member name="M:MahApps.Metro.IconPacks.Converter.PackIconLucideKindToImageConverter.GetPathData(System.Object)">
            <inheritdoc />
        </member>
        <member name="M:MahApps.Metro.IconPacks.Converter.PackIconLucideKindToImageConverter.GetScaleTransform(System.Object)">
            <inheritdoc />
        </member>
    </members>
</doc>
