<?xml version="1.0"?>
<doc>
    <assembly>
        <name>MahApps.Metro.IconPacks.BoxIcons</name>
    </assembly>
    <members>
        <member name="T:MahApps.Metro.IconPacks.PackIconBoxIcons">
            <summary>
            BoxIcons licensed under [SIL OFL 1.1](<see><cref>http://scripts.sil.org/OFL</cref></see>)
            Contributions, corrections and requests can be made on GitHub <see><cref>https://github.com/atisawd/boxicons</cref></see>.
            </summary>
        </member>
        <member name="P:MahApps.Metro.IconPacks.PackIconBoxIcons.Kind">
            <summary>
            Gets or sets the icon to display.
            </summary>
        </member>
        <member name="P:MahApps.Metro.IconPacks.BoxIconsCursorExtension.HotSpot">
            <inheritdoc/>
        </member>
        <member name="P:MahApps.Metro.IconPacks.BoxIconsCursorExtension.Width">
            <inheritdoc/>
        </member>
        <member name="P:MahApps.Metro.IconPacks.BoxIconsCursorExtension.Height">
            <inheritdoc/>
        </member>
        <member name="P:MahApps.Metro.IconPacks.BoxIconsCursorExtension.StrokeBrush">
            <inheritdoc/>
        </member>
        <member name="P:MahApps.Metro.IconPacks.BoxIconsCursorExtension.StrokeThickness">
            <inheritdoc/>
        </member>
        <member name="M:MahApps.Metro.IconPacks.BoxIconsImageExtension.GetPathData(System.Object)">
            <inheritdoc />
        </member>
        <member name="M:MahApps.Metro.IconPacks.BoxIconsImageExtension.GetScaleTransform(System.Object)">
            <inheritdoc />
        </member>
        <member name="T:MahApps.Metro.IconPacks.PackIconBoxIconsKind">
            ******************************************
            This code is auto generated. Do not amend.
            ******************************************
            <summary>
            List of available icons for use with <see cref="T:MahApps.Metro.IconPacks.PackIconBoxIcons" />.
            </summary>
            <remarks>
            BoxIcons licensed under [SIL OFL 1.1](<see><cref>http://scripts.sil.org/OFL</cref></see>)
            Contributions, corrections and requests can be made on GitHub <see><cref>https://github.com/atisawd/boxicons</cref></see>.
            </remarks>
        </member>
        <member name="M:MahApps.Metro.IconPacks.Converter.PackIconBoxIconsKindToImageConverter.GetPathData(System.Object)">
            <inheritdoc />
        </member>
        <member name="M:MahApps.Metro.IconPacks.Converter.PackIconBoxIconsKindToImageConverter.GetScaleTransform(System.Object)">
            <inheritdoc />
        </member>
    </members>
</doc>
