<?xml version="1.0"?>
<doc>
    <assembly>
        <name>MahApps.Metro.IconPacks.Unicons</name>
    </assembly>
    <members>
        <member name="T:MahApps.Metro.IconPacks.PackIconUnicons">
            <summary>
            Unicons are Open Source icons and licensed under [IconScout Simple License](<see><cref>https://github.com/Iconscout/unicons?tab=readme-ov-file#license</cref></see>).
            Contributions, corrections and requests can be made on GitHub <see><cref>https://github.com/Iconscout/unicons</cref></see>.
            </summary>
        </member>
        <member name="P:MahApps.Metro.IconPacks.PackIconUnicons.Kind">
            <summary>
            Gets or sets the icon to display.
            </summary>
        </member>
        <member name="P:MahApps.Metro.IconPacks.UniconsCursorExtension.HotSpot">
            <inheritdoc/>
        </member>
        <member name="P:MahApps.Metro.IconPacks.UniconsCursorExtension.Width">
            <inheritdoc/>
        </member>
        <member name="P:MahApps.Metro.IconPacks.UniconsCursorExtension.Height">
            <inheritdoc/>
        </member>
        <member name="P:MahApps.Metro.IconPacks.UniconsCursorExtension.StrokeBrush">
            <inheritdoc/>
        </member>
        <member name="P:MahApps.Metro.IconPacks.UniconsCursorExtension.StrokeThickness">
            <inheritdoc/>
        </member>
        <member name="M:MahApps.Metro.IconPacks.UniconsImageExtension.GetPathData(System.Object)">
            <inheritdoc />
        </member>
        <member name="T:MahApps.Metro.IconPacks.PackIconUniconsKind">
            ******************************************
            This code is auto generated. Do not amend.
            ******************************************
            <summary>
            List of available icons for use with <see cref="T:MahApps.Metro.IconPacks.PackIconUnicons" />.
            </summary>
            <remarks>
            Unicons are Open Source icons and licensed under [IconScout Simple License](<see><cref>https://github.com/Iconscout/unicons?tab=readme-ov-file#license</cref></see>).
            Contributions, corrections and requests can be made on GitHub <see><cref>https://github.com/Iconscout/unicons</cref></see>.
            </remarks>
        </member>
        <member name="M:MahApps.Metro.IconPacks.Converter.PackIconUniconsKindToImageConverter.GetPathData(System.Object)">
            <inheritdoc />
        </member>
    </members>
</doc>
