<?xml version="1.0"?>
<doc>
    <assembly>
        <name>MahApps.Metro.IconPacks.Zondicons</name>
    </assembly>
    <members>
        <member name="T:MahApps.Metro.IconPacks.PackIconZondicons">
            <summary>
            Zondicons are licensed under the [CC BY 4.0](<see><cref>https://creativecommons.org/licenses/by/4.0/</cref></see>).
            Zondicons are availabe at <see><cref>https://www.zondicons.com/</cref></see>.
            </summary>
        </member>
        <member name="P:MahApps.Metro.IconPacks.PackIconZondicons.Kind">
            <summary>
            Gets or sets the icon to display.
            </summary>
        </member>
        <member name="P:MahApps.Metro.IconPacks.ZondiconsCursorExtension.HotSpot">
            <inheritdoc/>
        </member>
        <member name="P:MahApps.Metro.IconPacks.ZondiconsCursorExtension.Width">
            <inheritdoc/>
        </member>
        <member name="P:MahApps.Metro.IconPacks.ZondiconsCursorExtension.Height">
            <inheritdoc/>
        </member>
        <member name="P:MahApps.Metro.IconPacks.ZondiconsCursorExtension.StrokeBrush">
            <inheritdoc/>
        </member>
        <member name="P:MahApps.Metro.IconPacks.ZondiconsCursorExtension.StrokeThickness">
            <inheritdoc/>
        </member>
        <member name="M:MahApps.Metro.IconPacks.ZondiconsImageExtension.GetPathData(System.Object)">
            <inheritdoc />
        </member>
        <member name="T:MahApps.Metro.IconPacks.PackIconZondiconsKind">
            ******************************************
            This code is auto generated. Do not amend.
            ******************************************
            <summary>
            List of available icons for use with <see cref="T:MahApps.Metro.IconPacks.PackIconZondicons" />.
            </summary>
            <remarks>
            Zondicons are licensed under the [CC BY 4.0](<see><cref>https://creativecommons.org/licenses/by/4.0/</cref></see>).
            Zondicons are availabe at <see><cref>https://www.zondicons.com/</cref></see>.
            </remarks>
        </member>
        <member name="M:MahApps.Metro.IconPacks.Converter.PackIconZondiconsKindToImageConverter.GetPathData(System.Object)">
            <inheritdoc />
        </member>
    </members>
</doc>
