<?xml version="1.0"?>
<doc>
    <assembly>
        <name>MahApps.Metro.IconPacks.MaterialDesign</name>
    </assembly>
    <members>
        <member name="T:MahApps.Metro.IconPacks.PackIconMaterialDesign">
            <summary>
            All icons sourced from Google Material Design icon font - <see><cref>https://github.com/google/material-design-icons</cref></see>
            Google Material Design are licensed under the Apache License 2.0 <see><cref>https://github.com/google/material-design-icons?tab=Apache-2.0-1-ov-file#readme</cref></see>
            </summary>
        </member>
        <member name="P:MahApps.Metro.IconPacks.PackIconMaterialDesign.Kind">
            <summary>
            Gets or sets the icon to display.
            </summary>
        </member>
        <member name="P:MahApps.Metro.IconPacks.MaterialDesignCursorExtension.HotSpot">
            <inheritdoc/>
        </member>
        <member name="P:MahApps.Metro.IconPacks.MaterialDesignCursorExtension.Width">
            <inheritdoc/>
        </member>
        <member name="P:MahApps.Metro.IconPacks.MaterialDesignCursorExtension.Height">
            <inheritdoc/>
        </member>
        <member name="P:MahApps.Metro.IconPacks.MaterialDesignCursorExtension.StrokeBrush">
            <inheritdoc/>
        </member>
        <member name="P:MahApps.Metro.IconPacks.MaterialDesignCursorExtension.StrokeThickness">
            <inheritdoc/>
        </member>
        <member name="M:MahApps.Metro.IconPacks.MaterialDesignImageExtension.GetPathData(System.Object)">
            <inheritdoc />
        </member>
        <member name="T:MahApps.Metro.IconPacks.PackIconMaterialDesignKind">
            ******************************************
            This code is auto generated. Do not amend.
            ******************************************
            <summary>
            List of available icons for use with <see cref="T:MahApps.Metro.IconPacks.PackIconMaterialDesign" />.
            </summary>
            <remarks>
            All icons sourced from Google Material Design icon font - <see><cref>https://github.com/google/material-design-icons</cref></see>
            Google Material Design are licensed under the Apache License 2.0 <see><cref>https://github.com/google/material-design-icons?tab=Apache-2.0-1-ov-file#readme</cref></see>
            </remarks>
        </member>
        <member name="M:MahApps.Metro.IconPacks.Converter.PackIconMaterialDesignKindToImageConverter.GetPathData(System.Object)">
            <inheritdoc />
        </member>
    </members>
</doc>
